month,total_rainfall
1982-01,107.1
1982-02,27.8
1982-03,160.8
1982-04,157
1982-05,102.2
1982-06,59.5
1982-07,76.3
1982-08,169.5
1982-09,54.1
1982-10,39.3
1982-11,134
1982-12,494.1
1983-01,246
1983-02,5.6
1983-03,18.6
1983-04,33.6
1983-05,160.8
1983-06,94
1983-07,190
1983-08,262.2
1983-09,170.8
1983-10,212.7
1983-11,228.8
1983-12,370.6
1984-01,251.2
1984-02,470.4
1984-03,361.3
1984-04,153.1
1984-05,186.5
1984-06,255
1984-07,127.2
1984-08,102.7
1984-09,186.7
1984-10,187.5
1984-11,127.7
1984-12,277.4
1985-01,111.1
1985-02,79.3
1985-03,88
1985-04,110.5
1985-05,70.1
1985-06,37
1985-07,131.8
1985-08,56.9
1985-09,110.7
1985-10,169
1985-11,179.4
1985-12,340.1
1986-01,308.2
1986-02,26.7
1986-03,353.4
1986-04,150
1986-05,145.1
1986-06,122.9
1986-07,109.7
1986-08,72.9
1986-09,396
1986-10,227.3
1986-11,256.7
1986-12,367.2
1987-01,568.6
1987-02,86.9
1987-03,132.5
1987-04,72.5
1987-05,270
1987-06,126.6
1987-07,80.9
1987-08,191.9
1987-09,129.9
1987-10,22.6
1987-11,347.6
1987-12,72.8
1988-01,237.5
1988-02,158.1
1988-03,186.8
1988-04,109.6
1988-05,229.6
1988-06,252.2
1988-07,305.4
1988-08,80.1
1988-09,440.4
1988-10,134.6
1988-11,401.4
1988-12,62.9
1989-01,189.7
1989-02,52.4
1989-03,305.9
1989-04,198.6
1989-05,194
1989-06,117.6
1989-07,157.6
1989-08,201
1989-09,247.3
1989-10,111
1989-11,508.4
1989-12,179.7
1990-01,147.4
1990-02,24.1
1990-03,94.2
1990-04,52.4
1990-05,180.1
1990-06,112.6
1990-07,124
1990-08,146.6
1990-09,204.5
1990-10,56.4
1990-11,180.4
1990-12,201.1
1991-01,123.9
1991-02,45.5
1991-03,92.4
1991-04,134.2
1991-05,256.4
1991-06,88.7
1991-07,37.3
1991-08,226.2
1991-09,123.1
1991-10,52
1991-11,205
1991-12,492.3
1992-01,83.9
1992-02,62.4
1992-03,67.6
1992-04,160.3
1992-05,63.1
1992-06,162.8
1992-07,290.8
1992-08,76.1
1992-09,83.6
1992-10,233.2
1992-11,474.3
1992-12,502.7
1993-01,176.4
1993-02,69.2
1993-03,250.5
1993-04,283.9
1993-05,129.9
1993-06,115.5
1993-07,240
1993-08,106.8
1993-09,61.7
1993-10,175.5
1993-11,250.8
1993-12,308.5
1994-01,56.9
1994-02,133.5
1994-03,288.2
1994-04,154
1994-05,169.6
1994-06,184.7
1994-07,53.8
1994-08,45.1
1994-09,23.7
1994-10,84.7
1994-11,322.2
1994-12,425.4
1995-01,349.4
1995-02,334
1995-03,67.7
1995-04,242.3
1995-05,84.4
1995-06,63.7
1995-07,173.6
1995-08,211.6
1995-09,29.5
1995-10,101.1
1995-11,372.8
1995-12,302.5
1996-01,173.2
1996-02,180.2
1996-03,129.7
1996-04,178.2
1996-05,107.5
1996-06,265.8
1996-07,162.3
1996-08,258.4
1996-09,297
1996-10,300
1996-11,180.2
1996-12,185.5
1997-01,15.4
1997-02,105.4
1997-03,34.3
1997-04,118.4
1997-05,41.6
1997-06,78.9
1997-07,18.6
1997-08,86.6
1997-09,31.1
1997-10,78.4
1997-11,158.3
1997-12,351.9
1998-01,268.8
1998-02,32.5
1998-03,58.8
1998-04,187.7
1998-05,370.8
1998-06,198.8
1998-07,259.2
1998-08,195
1998-09,258.2
1998-10,222.7
1998-11,107.2
1998-12,463.4
1999-01,193.9
1999-02,67.4
1999-03,181.4
1999-04,88.5
1999-05,157.1
1999-06,103.4
1999-07,225.4
1999-08,204
1999-09,125.9
1999-10,205
1999-11,241.5
1999-12,340.5
2000-01,275.2
2000-02,237.8
2000-03,238.3
2000-04,311.6
2000-05,96.8
2000-06,157.5
2000-07,116.1
2000-08,113.5
2000-09,81.1
2000-10,120.9
2000-11,385.7
2000-12,236
2001-01,425.8
2001-02,86.6
2001-03,297.3
2001-04,203.3
2001-05,164.9
2001-06,137.1
2001-07,111.3
2001-08,158.3
2001-09,162
2001-10,252.2
2001-11,175.3
2001-12,609
2002-01,221.2
2002-02,50.8
2002-03,55.6
2002-04,116.5
2002-05,236.6
2002-06,83.1
2002-07,233.7
2002-08,54.2
2002-09,124.2
2002-10,10.8
2002-11,307.2
2002-12,255
2003-01,444.2
2003-02,172.9
2003-03,154.6
2003-04,159.9
2003-05,81.8
2003-06,50.3
2003-07,170.4
2003-08,193.6
2003-09,205.3
2003-10,351.4
2003-11,133.8
2003-12,273
2004-01,600.9
2004-02,31.9
2004-03,269.4
2004-04,57.1
2004-05,137.6
2004-06,127.2
2004-07,166.6
2004-08,185.2
2004-09,128.9
2004-10,125.6
2004-11,166.2
2004-12,139.8
2005-01,163.2
2005-02,8.4
2005-03,82.4
2005-04,81.7
2005-05,331.1
2005-06,82.3
2005-07,104
2005-08,58.5
2005-09,175.7
2005-10,314.5
2005-11,362.9
2005-12,166
2006-01,454.4
2006-02,115.5
2006-03,83.1
2006-04,239.8
2006-05,205.7
2006-06,236.8
2006-07,153.8
2006-08,127.3
2006-09,83.3
2006-10,102
2006-11,185.6
2006-12,765.9
2007-01,450.1
2007-02,105.5
2007-03,269.1
2007-04,240.2
2007-05,127.2
2007-06,139
2007-07,141.7
2007-08,190.7
2007-09,149
2007-10,237.2
2007-11,367.9
2007-12,468.6
2008-01,262.6
2008-02,129.2
2008-03,294.1
2008-04,87.2
2008-05,124.9
2008-06,118.3
2008-07,89.1
2008-08,327.3
2008-09,164.4
2008-10,159.5
2008-11,324.3
2008-12,244.2
2009-01,38.3
2009-02,201.8
2009-03,223.3
2009-04,183.7
2009-05,198.6
2009-06,21.8
2009-07,161
2009-08,177.8
2009-09,109.6
2009-10,133.4
2009-11,281.8
2009-12,189.8
2010-01,69.5
2010-02,6.3
2010-03,238
2010-04,158.5
2010-05,157.5
2010-06,240.5
2010-07,298.5
2010-08,158.4
2010-09,121.5
2010-10,166.2
2010-11,278.8
2010-12,181.4
2011-01,513.2
2011-02,23
2011-03,256.6
2011-04,217.8
2011-05,127
2011-06,213
2011-07,76.6
2011-08,81.4
2011-09,136.4
2011-10,216.8
2011-11,377.8
2011-12,284.6
2012-01,106.1
2012-02,83.6
2012-03,313.4
2012-04,260.6
2012-05,292
2012-06,53
2012-07,130.8
2012-08,119
2012-09,107.6
2012-10,122.2
2012-11,208.2
2012-12,363.4
2013-01,262
2013-02,395.2
2013-03,85.8
2013-04,159.4
2013-05,211.4
2013-06,111.4
2013-07,174.6
2013-08,165.6
2013-09,257
2013-10,285.4
2013-11,292.4
2013-12,348.2
2014-01,75.4
2014-02,0.2
2014-03,66
2014-04,110
2014-05,125.8
2014-06,71.4
2014-07,148.6
2014-08,241
2014-09,83.6
2014-10,120
2014-11,250.8
2014-12,245.6
2015-01,79.6
2015-02,18.8
2015-03,84.4
2015-04,73.2
2015-05,89
2015-06,95.8
2015-07,116.8
2015-08,185.8
2015-09,61.6
2015-10,87.2
2015-11,72.6
2015-12,302.3
2016-01,126.6
2016-02,186
2016-03,6.2
2016-04,89.8
2016-05,193.8
2016-06,162.8
2016-07,168.6
2016-08,139.2
2016-09,118.9
2016-10,181
2016-11,290.2
2016-12,292.6
2017-01,197.6
2017-02,158.4
2017-03,136.2
2017-04,208.6
2017-05,190
2017-06,106
2017-07,79.6
2017-08,84.2
2017-09,124.4
2017-10,120.8
2017-11,268.6
2017-12,371.2
2018-01,287
2018-02,14.8
2018-03,44.6
2018-04,61.2
2018-05,132.2
2018-06,182.6
2018-07,143.2
2018-08,121.6
2018-09,144.4
2018-10,234.4
2018-11,169.6
2018-12,172.6
2019-01,63.6
2019-02,31.6
2019-03,72.2
2019-04,174.8
2019-05,69
2019-06,173.8
2019-07,12.2
2019-08,11.8
2019-09,22.8
2019-10,176.8
2019-11,137.4
2019-12,421.5
2020-01,88.4
2020-02,65
2020-03,108.8
2020-04,188
2020-05,255.6
2020-06,233.8
2020-07,140.8
2020-08,103.4
2020-09,150.2
2020-10,78.8
2020-11,220.6
2020-12,253.2
2021-01,692.8
2021-02,1
2021-03,182.4
2021-04,290.4
2021-05,245.8
2021-06,93.4
2021-07,195.8
2021-08,293.6
2021-09,205.4
2021-10,177
2021-11,312.4
2021-12,119.6
2022-01,99.8
2022-02,175
2022-03,163.2
2022-04,239.6
2022-05,102
2022-06,211.8
2022-07,145.2
2022-08,141.4
2022-09,121
2022-10,279
2022-11,313.8
2022-12,215.4
